,mean_fit_time,std_fit_time,mean_score_time,std_score_time,param_cls__init,param_cls__max_iter,param_cls__n_clusters,param_cls__n_init,param_cls__n_jobs,params,split0_test_score,split1_test_score,split2_test_score,split3_test_score,split4_test_score,mean_test_score,std_test_score,rank_test_score,split0_train_score,split1_train_score,split2_train_score,split3_train_score,split4_train_score,mean_train_score,std_train_score
0,6.95076551437378,0.09884113290264127,0.1631601333618164,0.02214308229696332,k-means++,1,2,20,4,"{'cls__init': 'k-means++', 'cls__max_iter': 1, 'cls__n_clusters': 2, 'cls__n_init': 20, 'cls__n_jobs': 4}",0.4933333333333334,0.4891666666666667,0.4866666666666667,0.4766666666666667,0.5066666666666667,0.4905,0.009769567259835242,7,0.49041666666666667,0.4822916666666667,0.468125,0.484375,0.5189583333333333,0.48883333333333334,0.016742328259700172
1,7.557505750656128,0.20539574525318047,0.17312068939208985,0.019961364646173176,k-means++,1,3,20,4,"{'cls__init': 'k-means++', 'cls__max_iter': 1, 'cls__n_clusters': 3, 'cls__n_init': 20, 'cls__n_jobs': 4}",0.25,0.165,0.43416666666666665,0.38916666666666666,0.42333333333333334,0.3323333333333333,0.10645212799918823,16,0.22791666666666666,0.16083333333333333,0.42166666666666675,0.3943749999999999,0.4039583333333333,0.32175000000000004,0.10650334175769113
2,8.297452878952026,0.2226287032099665,0.193827486038208,0.030499144036453575,k-means++,1,4,20,4,"{'cls__init': 'k-means++', 'cls__max_iter': 1, 'cls__n_clusters': 4, 'cls__n_init': 20, 'cls__n_jobs': 4}",0.325,0.3575,0.1675,0.25166666666666665,0.4000000000000001,0.30033333333333334,0.08224725594882248,19,0.3252083333333333,0.3460416666666667,0.19875,0.2525,0.38208333333333333,0.30091666666666667,0.06632733955332613
3,8.819449138641357,0.3612963147604243,0.1626720428466797,0.013226317123685664,k-means++,1,5,20,4,"{'cls__init': 'k-means++', 'cls__max_iter': 1, 'cls__n_clusters': 5, 'cls__n_init': 20, 'cls__n_jobs': 4}",0.10916666666666666,0.26166666666666666,0.2225,0.125,0.18166666666666664,0.18,0.05748188120326845,42,0.11729166666666667,0.25979166666666664,0.21625,0.14145833333333332,0.165625,0.18008333333333332,0.051585218059267926
4,9.401154899597168,0.3833696584245252,0.17676115036010742,0.01797340371141969,k-means++,1,6,20,4,"{'cls__init': 'k-means++', 'cls__max_iter': 1, 'cls__n_clusters': 6, 'cls__n_init': 20, 'cls__n_jobs': 4}",0.10749999999999998,0.21666666666666667,0.2358333333333333,0.11916666666666667,0.12583333333333332,0.161,0.05394029621308689,46,0.11833333333333333,0.21270833333333336,0.24541666666666667,0.13229166666666667,0.12666666666666668,0.16708333333333333,0.051842610370235034
5,9.828242588043214,0.5209909109034748,0.193060302734375,0.03640063679034942,k-means++,1,7,20,4,"{'cls__init': 'k-means++', 'cls__max_iter': 1, 'cls__n_clusters': 7, 'cls__n_init': 20, 'cls__n_jobs': 4}",0.12583333333333332,0.21416666666666667,0.24333333333333335,0.10416666666666667,0.11666666666666667,0.16083333333333333,0.056634794958576484,47,0.12104166666666667,0.2035416666666667,0.23625,0.11520833333333333,0.11166666666666666,0.1575416666666667,0.05203821378991063
6,10.797290515899657,1.1077640896617762,0.21478829383850098,0.01963407806138574,k-means++,1,8,20,4,"{'cls__init': 'k-means++', 'cls__max_iter': 1, 'cls__n_clusters': 8, 'cls__n_init': 20, 'cls__n_jobs': 4}",0.0475,0.05416666666666667,0.08833333333333333,0.08916666666666669,0.12416666666666666,0.08066666666666666,0.027660641914299657,104,0.058333333333333334,0.07,0.08645833333333333,0.09458333333333334,0.12645833333333334,0.08716666666666667,0.023346945434277074
7,11.377333879470825,0.3440674318314473,0.23212246894836425,0.029419741457862685,k-means++,1,9,20,4,"{'cls__init': 'k-means++', 'cls__max_iter': 1, 'cls__n_clusters': 9, 'cls__n_init': 20, 'cls__n_jobs': 4}",0.1275,0.050833333333333335,0.07333333333333333,0.07,0.11,0.08633333333333333,0.02810990335569773,94,0.11708333333333333,0.06229166666666667,0.08583333333333333,0.08041666666666666,0.11729166666666667,0.09258333333333332,0.02154960363131226
8,12.093052911758424,0.4179596444727594,0.21857819557189942,0.01061822636434113,k-means++,1,10,20,4,"{'cls__init': 'k-means++', 'cls__max_iter': 1, 'cls__n_clusters': 10, 'cls__n_init': 20, 'cls__n_jobs': 4}",0.115,0.050833333333333335,0.075,0.09083333333333332,0.1025,0.08683333333333333,0.022319647547993825,92,0.10854166666666666,0.058333333333333334,0.084375,0.09624999999999999,0.093125,0.088125,0.01678965041658435
9,13.047340059280396,0.17985620366505659,0.21563982963562012,0.01973865614721013,k-means++,1,11,20,4,"{'cls__init': 'k-means++', 'cls__max_iter': 1, 'cls__n_clusters': 11, 'cls__n_init': 20, 'cls__n_jobs': 4}",0.09916666666666667,0.05000000000000001,0.10166666666666667,0.045,0.11916666666666667,0.083,0.02983566098927032,100,0.09624999999999999,0.05708333333333333,0.10770833333333334,0.056875,0.10645833333333334,0.084875,0.023121283485135508
10,13.57980899810791,0.14413924353692423,0.21429409980773925,0.026081437773104843,k-means++,1,12,20,4,"{'cls__init': 'k-means++', 'cls__max_iter': 1, 'cls__n_clusters': 12, 'cls__n_init': 20, 'cls__n_jobs': 4}",0.058333333333333334,0.04583333333333333,0.0875,0.03916666666666667,0.09333333333333334,0.06483333333333334,0.021854315617541333,129,0.060208333333333336,0.05458333333333333,0.09104166666666667,0.046875,0.0825,0.06704166666666667,0.01687340527444166
11,14.238721132278442,0.30950751768546025,0.20795836448669433,0.03220710189622664,k-means++,1,13,20,4,"{'cls__init': 'k-means++', 'cls__max_iter': 1, 'cls__n_clusters': 13, 'cls__n_init': 20, 'cls__n_jobs': 4}",0.056666666666666664,0.04416666666666667,0.08333333333333333,0.03833333333333333,0.09083333333333332,0.06266666666666666,0.020932430978428344,135,0.05875,0.0425,0.08729166666666667,0.045,0.080625,0.06283333333333332,0.018236772222932192
12,15.642059755325317,0.5822771900815915,0.18041839599609374,0.011254192221886568,k-means++,1,14,20,4,"{'cls__init': 'k-means++', 'cls__max_iter': 1, 'cls__n_clusters': 14, 'cls__n_init': 20, 'cls__n_jobs': 4}",0.1125,0.05583333333333333,0.056666666666666664,0.0575,0.050833333333333335,0.06666666666666667,0.023033791601808757,124,0.10791666666666666,0.06979166666666667,0.058333333333333334,0.050833333333333335,0.05541666666666667,0.06845833333333333,0.020697725317853972
13,16.453121423721313,0.26018600875938164,0.1931924343109131,0.014624901913395166,k-means++,1,15,20,4,"{'cls__init': 'k-means++', 'cls__max_iter': 1, 'cls__n_clusters': 15, 'cls__n_init': 20, 'cls__n_jobs': 4}",0.11083333333333334,0.051666666666666666,0.05416666666666667,0.07333333333333333,0.050833333333333335,0.06816666666666667,0.02287283687404487,118,0.10645833333333334,0.06625,0.05708333333333333,0.073125,0.05520833333333333,0.07162500000000001,0.018576699114751252
14,16.961905813217165,0.272881923550529,0.1843125343322754,0.010066376857520355,k-means++,1,16,20,4,"{'cls__init': 'k-means++', 'cls__max_iter': 1, 'cls__n_clusters': 16, 'cls__n_init': 20, 'cls__n_jobs': 4}",0.11,0.03666666666666667,0.0675,0.07166666666666667,0.049166666666666664,0.067,0.024936586240568964,122,0.10520833333333333,0.035208333333333335,0.057916666666666665,0.07166666666666667,0.05416666666666667,0.06483333333333334,0.02330705365334709
15,17.575776624679566,0.2736140744035361,0.19596390724182128,0.014877081550018338,k-means++,1,17,20,4,"{'cls__init': 'k-means++', 'cls__max_iter': 1, 'cls__n_clusters': 17, 'cls__n_init': 20, 'cls__n_jobs': 4}",0.11,0.0375,0.06916666666666667,0.07083333333333333,0.07833333333333334,0.07316666666666667,0.023138472051734294,113,0.10291666666666667,0.034375,0.057708333333333334,0.07020833333333333,0.073125,0.06766666666666667,0.022299414541392986
16,18.175812435150146,0.31780296673233166,0.19138407707214355,0.009543145411365994,k-means++,1,18,20,4,"{'cls__init': 'k-means++', 'cls__max_iter': 1, 'cls__n_clusters': 18, 'cls__n_init': 20, 'cls__n_jobs': 4}",0.10749999999999998,0.035833333333333335,0.04083333333333333,0.07083333333333333,0.07166666666666667,0.06533333333333333,0.025763885145252793,127,0.09833333333333333,0.03333333333333333,0.03625,0.06979166666666667,0.06333333333333334,0.06020833333333333,0.023880489479442792
17,18.61922092437744,0.48136293101763916,0.1877206325531006,0.017081143181028092,k-means++,1,19,20,4,"{'cls__init': 'k-means++', 'cls__max_iter': 1, 'cls__n_clusters': 19, 'cls__n_init': 20, 'cls__n_jobs': 4}",0.10749999999999998,0.035,0.023333333333333334,0.07083333333333333,0.06916666666666667,0.06116666666666667,0.02973307174772824,138,0.09666666666666666,0.03270833333333333,0.019791666666666666,0.06979166666666667,0.06145833333333333,0.05608333333333333,0.027303082854017297
18,86.84207649230957,2.315789032230856,0.16274561882019042,0.01926187614092727,k-means++,10,2,20,4,"{'cls__init': 'k-means++', 'cls__max_iter': 10, 'cls__n_clusters': 2, 'cls__n_init': 20, 'cls__n_jobs': 4}",0.5175,0.5266666666666666,0.48,0.47583333333333333,0.51,0.502,0.020402886506025987,1,0.5175,0.515,0.48,0.4789583333333333,0.5216666666666666,0.502625,0.019021004471665284
19,90.11009259223938,3.80065969420663,0.1650017261505127,0.012891031171068497,k-means++,10,3,20,4,"{'cls__init': 'k-means++', 'cls__max_iter': 10, 'cls__n_clusters': 3, 'cls__n_init': 20, 'cls__n_jobs': 4}",0.44,0.3358333333333333,0.33416666666666667,0.4716666666666666,0.47583333333333333,0.4115,0.0636819353418918,11,0.433125,0.3525,0.33416666666666667,0.47291666666666665,0.47291666666666665,0.41312499999999996,0.05909297053513782
20,87.82055840492248,3.370202469418748,0.1648118495941162,0.005164926323422082,k-means++,10,4,20,4,"{'cls__init': 'k-means++', 'cls__max_iter': 10, 'cls__n_clusters': 4, 'cls__n_init': 20, 'cls__n_jobs': 4}",0.3933333333333333,0.3225,0.31583333333333335,0.21083333333333337,0.21083333333333337,0.2906666666666667,0.07061712099609962,22,0.37854166666666667,0.33166666666666667,0.30354166666666665,0.21416666666666667,0.21520833333333333,0.28862499999999996,0.06495252005204348
21,92.99170484542847,1.4327312738749236,0.1790003299713135,0.010218700190119247,k-means++,10,5,20,4,"{'cls__init': 'k-means++', 'cls__max_iter': 10, 'cls__n_clusters': 5, 'cls__n_init': 20, 'cls__n_jobs': 4}",0.3491666666666667,0.18083333333333335,0.21833333333333332,0.2658333333333333,0.20166666666666663,0.24316666666666667,0.059956928985175136,31,0.33625,0.148125,0.2045833333333333,0.26479166666666665,0.17708333333333334,0.22616666666666668,0.06719486070791095
22,90.39051666259766,3.724553073448166,0.16447138786315918,0.009222577271390432,k-means++,10,6,20,4,"{'cls__init': 'k-means++', 'cls__max_iter': 10, 'cls__n_clusters': 6, 'cls__n_init': 20, 'cls__n_jobs': 4}",0.32083333333333336,0.10583333333333333,0.24083333333333334,0.0675,0.17666666666666667,0.18233333333333332,0.09129682968817215,41,0.3120833333333333,0.110625,0.25416666666666665,0.06458333333333334,0.15895833333333334,0.18008333333333332,0.09112992480214412
23,94.00232577323914,1.529563680083306,0.1781838893890381,0.023902553721132987,k-means++,10,7,20,4,"{'cls__init': 'k-means++', 'cls__max_iter': 10, 'cls__n_clusters': 7, 'cls__n_init': 20, 'cls__n_jobs': 4}",0.30333333333333334,0.059166666666666666,0.049166666666666664,0.06333333333333334,0.3025,0.1555,0.12045354106690079,51,0.29583333333333334,0.06354166666666666,0.06479166666666666,0.06270833333333334,0.29270833333333335,0.15591666666666668,0.11297197292544142
24,96.14230408668519,2.9203879029124287,0.17378931045532225,0.01730910907771645,k-means++,10,8,20,4,"{'cls__init': 'k-means++', 'cls__max_iter': 10, 'cls__n_clusters': 8, 'cls__n_init': 20, 'cls__n_jobs': 4}",0.14083333333333334,0.0575,0.075,0.08583333333333333,0.07166666666666667,0.08616666666666667,0.02879332484371257,96,0.14375,0.06145833333333333,0.078125,0.06979166666666667,0.07625,0.085875,0.02951970857655008
25,94.89929871559143,1.5089051418746664,0.17580432891845704,0.006665035551788227,k-means++,10,9,20,4,"{'cls__init': 'k-means++', 'cls__max_iter': 10, 'cls__n_clusters': 9, 'cls__n_init': 20, 'cls__n_jobs': 4}",0.051666666666666666,0.15,0.05000000000000001,0.0775,0.175,0.10083333333333333,0.051891981825497646,81,0.06416666666666666,0.16958333333333334,0.051875,0.060833333333333336,0.20104166666666667,0.10950000000000001,0.06282368957823332
26,97.37564868927002,1.678980702343881,0.17319226264953613,0.014615510518966814,k-means++,10,10,20,4,"{'cls__init': 'k-means++', 'cls__max_iter': 10, 'cls__n_clusters': 10, 'cls__n_init': 20, 'cls__n_jobs': 4}",0.12583333333333332,0.15,0.043333333333333335,0.1025,0.17333333333333334,0.119,0.044626225473369356,65,0.11791666666666666,0.17145833333333332,0.04604166666666667,0.07958333333333334,0.20041666666666666,0.12308333333333332,0.056876968830391554
27,99.26446447372436,1.6515905342094948,0.18380126953125,0.008996035074527961,k-means++,10,11,20,4,"{'cls__init': 'k-means++', 'cls__max_iter': 10, 'cls__n_clusters': 11, 'cls__n_init': 20, 'cls__n_jobs': 4}",0.13083333333333333,0.061666666666666675,0.03916666666666667,0.1375,0.15083333333333335,0.104,0.044790872085975535,74,0.11958333333333333,0.05374999999999999,0.04020833333333333,0.14541666666666667,0.1725,0.10629166666666667,0.05141713938194366
28,99.64913992881775,1.36870800250998,0.1731194019317627,0.006997197534582479,k-means++,10,12,20,4,"{'cls__init': 'k-means++', 'cls__max_iter': 10, 'cls__n_clusters': 12, 'cls__n_init': 20, 'cls__n_jobs': 4}",0.14333333333333334,0.13916666666666666,0.1325,0.04,0.12333333333333335,0.11566666666666667,0.03843248047622682,69,0.13833333333333334,0.15479166666666666,0.12541666666666668,0.0425,0.14541666666666667,0.12129166666666666,0.040545841682936824
29,98.8525981426239,3.870891006080587,0.17972407341003419,0.017375884748600943,k-means++,10,13,20,4,"{'cls__init': 'k-means++', 'cls__max_iter': 10, 'cls__n_clusters': 13, 'cls__n_init': 20, 'cls__n_jobs': 4}",0.1375,0.14166666666666666,0.085,0.08416666666666667,0.03666666666666667,0.097,0.03894654456217308,83,0.13416666666666666,0.16395833333333334,0.08625,0.07833333333333334,0.050833333333333335,0.10270833333333332,0.04073627921698845
30,95.9326723575592,3.0806324973041126,0.17540831565856935,0.008354795116725563,k-means++,10,14,20,4,"{'cls__init': 'k-means++', 'cls__max_iter': 10, 'cls__n_clusters': 14, 'cls__n_init': 20, 'cls__n_jobs': 4}",0.1375,0.051666666666666666,0.06416666666666666,0.04,0.12333333333333335,0.08333333333333333,0.03945109490101497,98,0.13333333333333333,0.05625,0.06541666666666666,0.041875,0.14291666666666666,0.08795833333333333,0.041752910743510514
31,100.04372162818909,4.294141233096502,0.1734689712524414,0.006565914598721934,k-means++,10,15,20,4,"{'cls__init': 'k-means++', 'cls__max_iter': 10, 'cls__n_clusters': 15, 'cls__n_init': 20, 'cls__n_jobs': 4}",0.11083333333333334,0.03333333333333333,0.06583333333333333,0.035,0.17,0.083,0.0517864203564345,100,0.10791666666666666,0.03770833333333334,0.065,0.04020833333333333,0.16145833333333334,0.08245833333333334,0.04686479518548841
32,104.56072630882264,3.0949679107988,0.18178291320800782,0.007628319124186898,k-means++,10,16,20,4,"{'cls__init': 'k-means++', 'cls__max_iter': 10, 'cls__n_clusters': 16, 'cls__n_init': 20, 'cls__n_jobs': 4}",0.12583333333333332,0.0325,0.050833333333333335,0.03166666666666667,0.16833333333333333,0.08183333333333333,0.05537097113510331,103,0.14895833333333333,0.03770833333333334,0.06645833333333333,0.034375,0.16041666666666668,0.08958333333333332,0.05443618843298189
33,105.46494941711425,2.0020828824454338,0.1779168128967285,0.0065553092503828824,k-means++,10,17,20,4,"{'cls__init': 'k-means++', 'cls__max_iter': 10, 'cls__n_clusters': 17, 'cls__n_init': 20, 'cls__n_jobs': 4}",0.10916666666666666,0.014166666666666666,0.028333333333333332,0.03,0.0625,0.04883333333333333,0.03406937366935621,153,0.10770833333333334,0.016458333333333332,0.026874999999999996,0.03395833333333333,0.06479166666666666,0.04995833333333334,0.03306412120578908
34,104.82452125549317,3.283267769554239,0.1807680606842041,0.01039344449658705,k-means++,10,18,20,4,"{'cls__init': 'k-means++', 'cls__max_iter': 10, 'cls__n_clusters': 18, 'cls__n_init': 20, 'cls__n_jobs': 4}",0.02,0.015,0.028333333333333332,0.030833333333333338,0.03,0.024833333333333332,0.006244997998398399,180,0.030208333333333334,0.016666666666666666,0.026666666666666672,0.026666666666666672,0.037083333333333336,0.027458333333333335,0.006601767440112787
35,105.39073882102966,2.4575616441986847,0.17824597358703614,0.010216162564915383,k-means++,10,19,20,4,"{'cls__init': 'k-means++', 'cls__max_iter': 10, 'cls__n_clusters': 19, 'cls__n_init': 20, 'cls__n_jobs': 4}",0.11416666666666667,0.043333333333333335,0.025000000000000005,0.058333333333333334,0.0175,0.051666666666666666,0.03434708462478616,150,0.10479166666666667,0.043125,0.023958333333333335,0.059166666666666666,0.02229166666666667,0.05066666666666667,0.030255968189947434
36,200.1690990447998,16.985002541931255,0.17240242958068847,0.0039734415351666275,k-means++,100,2,20,4,"{'cls__init': 'k-means++', 'cls__max_iter': 100, 'cls__n_clusters': 2, 'cls__n_init': 20, 'cls__n_jobs': 4}",0.4816666666666667,0.4766666666666667,0.48083333333333333,0.4816666666666667,0.49666666666666665,0.4835,0.006839428176227716,10,0.47979166666666667,0.48375,0.47791666666666666,0.47854166666666664,0.4791666666666667,0.4798333333333333,0.002055649397257344
37,246.4522919178009,25.152902372509775,0.16969938278198243,0.008929979800087895,k-means++,100,3,20,4,"{'cls__init': 'k-means++', 'cls__max_iter': 100, 'cls__n_clusters': 3, 'cls__n_init': 20, 'cls__n_jobs': 4}",0.3616666666666667,0.37583333333333335,0.17,0.38,0.17916666666666667,0.29333333333333333,0.09719253515002522,21,0.36250000000000004,0.3514583333333333,0.17270833333333332,0.38645833333333335,0.14979166666666666,0.2845833333333333,0.10159389472032485
38,236.5606861114502,17.91229468954944,0.17272624969482422,0.005549170101911658,k-means++,100,4,20,4,"{'cls__init': 'k-means++', 'cls__max_iter': 100, 'cls__n_clusters': 4, 'cls__n_init': 20, 'cls__n_jobs': 4}",0.2875,0.305,0.2975,0.38166666666666665,0.10000000000000002,0.2743333333333333,0.09334136870172362,25,0.296875,0.320625,0.2914583333333333,0.39666666666666667,0.085625,0.27825,0.10338654543884218
39,254.55908284187316,11.500402828702041,0.1726327896118164,0.008699136409358257,k-means++,100,5,20,4,"{'cls__init': 'k-means++', 'cls__max_iter': 100, 'cls__n_clusters': 5, 'cls__n_init': 20, 'cls__n_jobs': 4}",0.23333333333333334,0.24416666666666667,0.26166666666666666,0.2658333333333333,0.2683333333333333,0.25466666666666665,0.013607595917966788,28,0.2735416666666667,0.26375,0.2575,0.28541666666666665,0.26458333333333334,0.26895833333333335,0.009689627902499085
40,249.57150564193725,12.613898320119203,0.17895035743713378,0.0068351623036280755,k-means++,100,6,20,4,"{'cls__init': 'k-means++', 'cls__max_iter': 100, 'cls__n_clusters': 6, 'cls__n_init': 20, 'cls__n_jobs': 4}",0.2608333333333333,0.07083333333333333,0.055,0.32916666666666666,0.075,0.15816666666666668,0.11399000930880838,48,0.2602083333333333,0.06208333333333333,0.07166666666666667,0.3435416666666667,0.07895833333333334,0.16329166666666667,0.11630415405306897
41,248.23794822692872,8.969928818453525,0.1773458480834961,0.00870184107244649,k-means++,100,7,20,4,"{'cls__init': 'k-means++', 'cls__max_iter': 100, 'cls__n_clusters': 7, 'cls__n_init': 20, 'cls__n_jobs': 4}",0.0825,0.06416666666666666,0.08,0.059166666666666666,0.22416666666666665,0.102,0.0617332973362026,79,0.06645833333333333,0.05645833333333333,0.08541666666666667,0.06666666666666667,0.225625,0.10012499999999999,0.06344488531175875
42,247.06526589393616,29.210176202104673,0.17380867004394532,0.014033190036593441,k-means++,100,8,20,4,"{'cls__init': 'k-means++', 'cls__max_iter': 100, 'cls__n_clusters': 8, 'cls__n_init': 20, 'cls__n_jobs': 4}",0.07666666666666666,0.051666666666666666,0.07583333333333334,0.13,0.1275,0.09233333333333334,0.03107070789166042,87,0.065,0.05583333333333333,0.07895833333333334,0.1225,0.12041666666666667,0.08854166666666666,0.02787496885897613
43,230.60268964767457,15.661268297331567,0.17088556289672852,0.008060508771629785,k-means++,100,9,20,4,"{'cls__init': 'k-means++', 'cls__max_iter': 100, 'cls__n_clusters': 9, 'cls__n_init': 20, 'cls__n_jobs': 4}",0.07916666666666666,0.051666666666666666,0.04833333333333333,0.07916666666666666,0.06583333333333333,0.06483333333333334,0.013095800853708792,129,0.076875,0.05645833333333333,0.06125,0.07520833333333334,0.06854166666666667,0.06766666666666667,0.007864300491602685
44,241.23831400871276,19.150615624005233,0.17244534492492675,0.006819826868700213,k-means++,100,10,20,4,"{'cls__init': 'k-means++', 'cls__max_iter': 100, 'cls__n_clusters': 10, 'cls__n_init': 20, 'cls__n_jobs': 4}",0.06333333333333334,0.049166666666666664,0.043333333333333335,0.08,0.08583333333333333,0.06433333333333334,0.016611575615950596,131,0.06458333333333334,0.053125,0.05708333333333333,0.07979166666666666,0.09,0.06891666666666667,0.013935242094137518
45,261.40084261894225,18.143084995188143,0.17960586547851562,0.012723164847488503,k-means++,100,11,20,4,"{'cls__init': 'k-means++', 'cls__max_iter': 100, 'cls__n_clusters': 11, 'cls__n_init': 20, 'cls__n_jobs': 4}",0.0625,0.04833333333333333,0.055,0.0475,0.08416666666666667,0.0595,0.013463943619080473,141,0.05520833333333333,0.05249999999999999,0.05979166666666667,0.05708333333333333,0.0875,0.062416666666666655,0.012765649437281111
46,248.95857319831848,7.7856696338188,0.17637028694152831,0.005510115358502685,k-means++,100,12,20,4,"{'cls__init': 'k-means++', 'cls__max_iter': 100, 'cls__n_clusters': 12, 'cls__n_init': 20, 'cls__n_jobs': 4}",0.07083333333333333,0.0475,0.058333333333333334,0.04666666666666667,0.1025,0.06516666666666666,0.020624957912414966,128,0.06208333333333333,0.051458333333333335,0.06666666666666667,0.051458333333333335,0.08416666666666667,0.06316666666666666,0.012071402155507867
47,265.1208249092102,19.615688583066905,0.17774767875671388,0.007365672028775816,k-means++,100,13,20,4,"{'cls__init': 'k-means++', 'cls__max_iter': 100, 'cls__n_clusters': 13, 'cls__n_init': 20, 'cls__n_jobs': 4}",0.06916666666666667,0.0475,0.10916666666666666,0.04666666666666667,0.09916666666666667,0.07433333333333333,0.025854292572887086,110,0.06145833333333333,0.051875,0.1025,0.04979166666666666,0.08270833333333333,0.06966666666666667,0.020134788854671962
48,235.81632342338563,12.072057096950743,0.17000212669372558,0.010459847421648367,k-means++,100,14,20,4,"{'cls__init': 'k-means++', 'cls__max_iter': 100, 'cls__n_clusters': 14, 'cls__n_init': 20, 'cls__n_jobs': 4}",0.06416666666666666,0.03333333333333333,0.055,0.03916666666666667,0.10916666666666666,0.06016666666666667,0.026850408645762623,139,0.06583333333333333,0.0325,0.057708333333333334,0.034375,0.10395833333333333,0.058875,0.025992987836465947
49,255.3972475528717,17.31538349452618,0.1747196674346924,0.009560479927674486,k-means++,100,15,20,4,"{'cls__init': 'k-means++', 'cls__max_iter': 100, 'cls__n_clusters': 15, 'cls__n_init': 20, 'cls__n_jobs': 4}",0.12833333333333333,0.016666666666666666,0.03916666666666667,0.1225,0.10916666666666666,0.08316666666666667,0.04608988802088564,99,0.10958333333333334,0.023541666666666666,0.03375,0.131875,0.10041666666666667,0.07983333333333333,0.04314973123387393
50,250.79041028022766,21.87831964026157,0.17629737854003907,0.005693560103313828,k-means++,100,16,20,4,"{'cls__init': 'k-means++', 'cls__max_iter': 100, 'cls__n_clusters': 16, 'cls__n_init': 20, 'cls__n_jobs': 4}",0.06,0.058333333333333334,0.03833333333333333,0.03333333333333333,0.07833333333333334,0.05366666666666667,0.01624123695343978,147,0.05645833333333333,0.0575,0.033541666666666664,0.028125,0.06416666666666666,0.04795833333333334,0.014333212208790542
51,266.6591300487518,43.59523580220207,0.17716212272644044,0.011963880614525486,k-means++,100,17,20,4,"{'cls__init': 'k-means++', 'cls__max_iter': 100, 'cls__n_clusters': 17, 'cls__n_init': 20, 'cls__n_jobs': 4}",0.056666666666666664,0.03166666666666667,0.025833333333333333,0.016666666666666666,0.03666666666666667,0.0335,0.01335830993967592,178,0.051041666666666666,0.03333333333333333,0.022916666666666665,0.021666666666666667,0.04,0.03379166666666667,0.010969022036829193
52,249.44950838088988,22.544300220743132,0.17712726593017578,0.006458719329456787,k-means++,100,18,20,4,"{'cls__init': 'k-means++', 'cls__max_iter': 100, 'cls__n_clusters': 18, 'cls__n_init': 20, 'cls__n_jobs': 4}",0.05416666666666667,0.0325,0.025833333333333333,0.015,0.04,0.0335,0.013201430898875235,178,0.04979166666666666,0.03333333333333333,0.0225,0.024583333333333332,0.033125,0.03266666666666666,0.009618955533505471
53,261.684176158905,13.130296983868309,0.17686061859130858,0.004474062893085908,k-means++,100,19,20,4,"{'cls__init': 'k-means++', 'cls__max_iter': 100, 'cls__n_clusters': 19, 'cls__n_init': 20, 'cls__n_jobs': 4}",0.053333333333333344,0.015833333333333335,0.0275,0.09833333333333333,0.12416666666666666,0.06383333333333334,0.04138773301890844,133,0.050208333333333334,0.020416666666666666,0.023333333333333334,0.094375,0.12895833333333334,0.06345833333333332,0.04215270684599561
54,191.456210565567,12.91916424104488,0.1621957778930664,0.007210149068899811,k-means++,1000,2,20,4,"{'cls__init': 'k-means++', 'cls__max_iter': 1000, 'cls__n_clusters': 2, 'cls__n_init': 20, 'cls__n_jobs': 4}",0.485,0.4766666666666667,0.48,0.4816666666666667,0.5083333333333333,0.48633333333333334,0.011323525167642005,9,0.480625,0.485625,0.47875,0.48104166666666665,0.520625,0.48933333333333334,0.01580831356526615
55,228.56854581832886,27.80744768997055,0.16039304733276366,0.004894871710706703,k-means++,1000,3,20,4,"{'cls__init': 'k-means++', 'cls__max_iter': 1000, 'cls__n_clusters': 3, 'cls__n_init': 20, 'cls__n_jobs': 4}",0.1675,0.37916666666666665,0.17083333333333334,0.3725,0.3458333333333333,0.2871666666666667,0.09699599075334105,23,0.15645833333333334,0.3620833333333333,0.174375,0.38416666666666666,0.37625,0.2906666666666667,0.1026671570605171
56,230.6845715045929,7.835378871944542,0.16837944984436035,0.0156374837573819,k-means++,1000,4,20,4,"{'cls__init': 'k-means++', 'cls__max_iter': 1000, 'cls__n_clusters': 4, 'cls__n_init': 20, 'cls__n_jobs': 4}",0.2608333333333333,0.2758333333333333,0.22083333333333333,0.38416666666666666,0.2791666666666667,0.2841666666666667,0.05412947441089744,24,0.298125,0.29270833333333335,0.20833333333333334,0.3943749999999999,0.30375,0.29945833333333327,0.05895540334297892
57,250.83309063911437,29.49413356099482,0.1654991626739502,0.009321486068248773,k-means++,1000,5,20,4,"{'cls__init': 'k-means++', 'cls__max_iter': 1000, 'cls__n_clusters': 5, 'cls__n_init': 20, 'cls__n_jobs': 4}",0.245,0.26416666666666666,0.16166666666666665,0.09583333333333334,0.35583333333333333,0.2245,0.08915747616187637,35,0.27125,0.275625,0.16229166666666667,0.091875,0.359375,0.23208333333333336,0.09398119640533302
58,246.41610398292542,12.149002212712567,0.17571115493774414,0.00823398119507941,k-means++,1000,6,20,4,"{'cls__init': 'k-means++', 'cls__max_iter': 1000, 'cls__n_clusters': 6, 'cls__n_init': 20, 'cls__n_jobs': 4}",0.31333333333333335,0.22083333333333333,0.275,0.14583333333333334,0.18249999999999997,0.2275,0.060601155104502764,34,0.30333333333333334,0.239375,0.2658333333333333,0.14708333333333334,0.164375,0.22400000000000003,0.059584411412158235
59,260.43500008583067,16.028132476911,0.1721982479095459,0.007394716275295957,k-means++,1000,7,20,4,"{'cls__init': 'k-means++', 'cls__max_iter': 1000, 'cls__n_clusters': 7, 'cls__n_init': 20, 'cls__n_jobs': 4}",0.22,0.07,0.09416666666666666,0.05583333333333333,0.22333333333333333,0.13266666666666665,0.07370247998239648,59,0.22895833333333335,0.08083333333333333,0.0825,0.06229166666666667,0.2175,0.13441666666666668,0.07295134889469526
60,247.30265913009643,30.62763513154019,0.1716970443725586,0.00882970867158299,k-means++,1000,8,20,4,"{'cls__init': 'k-means++', 'cls__max_iter': 1000, 'cls__n_clusters': 8, 'cls__n_init': 20, 'cls__n_jobs': 4}",0.15583333333333332,0.24166666666666667,0.08583333333333333,0.10333333333333333,0.1175,0.14083333333333334,0.05544015792826632,54,0.14229166666666668,0.25104166666666666,0.081875,0.07958333333333334,0.10291666666666667,0.13154166666666667,0.06384614210045202
61,219.70996980667115,17.68226765856204,0.16634626388549806,0.006674739374584298,k-means++,1000,9,20,4,"{'cls__init': 'k-means++', 'cls__max_iter': 1000, 'cls__n_clusters': 9, 'cls__n_init': 20, 'cls__n_jobs': 4}",0.17333333333333334,0.07083333333333333,0.0425,0.10166666666666667,0.06333333333333334,0.09033333333333333,0.04563928619560614,88,0.20479166666666668,0.07166666666666667,0.05041666666666666,0.07729166666666666,0.07958333333333334,0.09675,0.05499504396862605
62,248.39473748207092,39.9468880082159,0.1750730037689209,0.008384011054610896,k-means++,1000,10,20,4,"{'cls__init': 'k-means++', 'cls__max_iter': 1000, 'cls__n_clusters': 10, 'cls__n_init': 20, 'cls__n_jobs': 4}",0.056666666666666664,0.06916666666666667,0.04083333333333333,0.03,0.17,0.07333333333333333,0.050147006114245975,112,0.06833333333333333,0.069375,0.04958333333333333,0.030416666666666668,0.198125,0.08316666666666667,0.05922171734723297
63,245.601593542099,14.238979179505277,0.1709805965423584,0.006903919772098916,k-means++,1000,11,20,4,"{'cls__init': 'k-means++', 'cls__max_iter': 1000, 'cls__n_clusters': 11, 'cls__n_init': 20, 'cls__n_jobs': 4}",0.05416666666666667,0.07166666666666667,0.1675,0.06833333333333333,0.053333333333333344,0.083,0.04288421102871727,100,0.06541666666666666,0.074375,0.18458333333333332,0.060208333333333336,0.06333333333333334,0.08958333333333332,0.04773316311654939
64,252.42591805458068,28.237486107383937,0.17708353996276854,0.001495360304810213,k-means++,1000,12,20,4,"{'cls__init': 'k-means++', 'cls__max_iter': 1000, 'cls__n_clusters': 12, 'cls__n_init': 20, 'cls__n_jobs': 4}",0.065,0.04583333333333333,0.06333333333333334,0.09666666666666666,0.0475,0.06366666666666666,0.018277186751673672,134,0.051875,0.04083333333333333,0.06520833333333333,0.07979166666666666,0.03729166666666667,0.05499999999999999,0.015766305492691965
65,241.82772016525269,14.469423681099698,0.17761049270629883,0.0036206270843621526,k-means++,1000,13,20,4,"{'cls__init': 'k-means++', 'cls__max_iter': 1000, 'cls__n_clusters': 13, 'cls__n_init': 20, 'cls__n_jobs': 4}",0.04083333333333333,0.035,0.023333333333333334,0.08416666666666667,0.01,0.03866666666666667,0.02508097995604549,172,0.05416666666666667,0.04145833333333333,0.029583333333333333,0.070625,0.017291666666666667,0.042625,0.018603408439196174
66,259.3052052021027,13.956110281348261,0.17820372581481933,0.007147705035324053,k-means++,1000,14,20,4,"{'cls__init': 'k-means++', 'cls__max_iter': 1000, 'cls__n_clusters': 14, 'cls__n_init': 20, 'cls__n_jobs': 4}",0.07166666666666667,0.0375,0.034166666666666665,0.06916666666666667,0.03166666666666667,0.04883333333333333,0.017737280262518015,153,0.056666666666666664,0.035625,0.04020833333333333,0.057291666666666664,0.03145833333333333,0.04425,0.010757426375403282
67,242.08351211547853,11.095163530969685,0.17343125343322754,0.007909846451551681,k-means++,1000,15,20,4,"{'cls__init': 'k-means++', 'cls__max_iter': 1000, 'cls__n_clusters': 15, 'cls__n_init': 20, 'cls__n_jobs': 4}",0.03666666666666667,0.0375,0.16916666666666666,0.06833333333333333,0.020833333333333332,0.0665,0.05359156235412022,126,0.0375,0.033125,0.16104166666666667,0.056666666666666664,0.026666666666666672,0.063,0.05003030331708973
68,240.05510296821595,16.594062750899784,0.17862348556518554,0.007592481432311783,k-means++,1000,16,20,4,"{'cls__init': 'k-means++', 'cls__max_iter': 1000, 'cls__n_clusters': 16, 'cls__n_init': 20, 'cls__n_jobs': 4}",0.03666666666666667,0.034166666666666665,0.026666666666666672,0.03166666666666667,0.0475,0.035333333333333335,0.006924192692613661,177,0.03791666666666667,0.03916666666666667,0.02375,0.030208333333333334,0.050625,0.036333333333333336,0.00906247605360821
69,260.12553720474244,16.798190155899363,0.17470893859863282,0.0036404483110063276,k-means++,1000,17,20,4,"{'cls__init': 'k-means++', 'cls__max_iter': 1000, 'cls__n_clusters': 17, 'cls__n_init': 20, 'cls__n_jobs': 4}",0.03666666666666667,0.19083333333333333,0.0475,0.058333333333333334,0.04583333333333333,0.07583333333333334,0.0579103713605008,109,0.03770833333333334,0.19166666666666668,0.05479166666666667,0.060833333333333336,0.04583333333333333,0.07816666666666668,0.05729119696777159
70,263.4881838798523,28.64532105320673,0.1758626937866211,0.006444974296150266,k-means++,1000,18,20,4,"{'cls__init': 'k-means++', 'cls__max_iter': 1000, 'cls__n_clusters': 18, 'cls__n_init': 20, 'cls__n_jobs': 4}",0.035,0.03166666666666667,0.0475,0.059166666666666666,0.055,0.04566666666666667,0.010793516572461451,161,0.0375,0.028958333333333332,0.05354166666666667,0.06145833333333333,0.04770833333333333,0.04583333333333333,0.011500301928403638
71,267.78665804862976,23.170869568503264,0.17903633117675782,0.004992299954081143,k-means++,1000,19,20,4,"{'cls__init': 'k-means++', 'cls__max_iter': 1000, 'cls__n_clusters': 19, 'cls__n_init': 20, 'cls__n_jobs': 4}",0.035,0.13416666666666666,0.043333333333333335,0.025833333333333333,0.034166666666666665,0.0545,0.04021677372551021,145,0.03729166666666667,0.13541666666666666,0.040625,0.029375,0.042708333333333334,0.05708333333333333,0.03942864511437789
72,210.79209084510802,17.087326872011612,0.16532726287841798,0.0045640268224732584,k-means++,10000,2,20,4,"{'cls__init': 'k-means++', 'cls__max_iter': 10000, 'cls__n_clusters': 2, 'cls__n_init': 20, 'cls__n_jobs': 4}",0.5158333333333334,0.4766666666666667,0.5208333333333334,0.4825,0.49166666666666664,0.4975,0.017740412120980247,4,0.5191666666666667,0.48583333333333334,0.5210416666666666,0.478125,0.48104166666666665,0.4970416666666666,0.018999908625511264
73,214.41071639060974,15.68373679758105,0.16515398025512695,0.010154114412431267,k-means++,10000,3,20,4,"{'cls__init': 'k-means++', 'cls__max_iter': 10000, 'cls__n_clusters': 3, 'cls__n_init': 20, 'cls__n_jobs': 4}",0.33916666666666667,0.17833333333333337,0.44,0.36499999999999994,0.33166666666666667,0.3308333333333333,0.08533593746026476,17,0.37562500000000004,0.18145833333333333,0.4325,0.368125,0.35875,0.34329166666666666,0.08491083967577076
74,225.45353808403016,23.80853938229641,0.16854987144470215,0.004678663958712108,k-means++,10000,4,20,4,"{'cls__init': 'k-means++', 'cls__max_iter': 10000, 'cls__n_clusters': 4, 'cls__n_init': 20, 'cls__n_jobs': 4}",0.2783333333333333,0.2833333333333333,0.30083333333333334,0.21083333333333337,0.23333333333333334,0.2613333333333333,0.03366749173906484,26,0.29041666666666666,0.309375,0.30291666666666667,0.201875,0.205,0.2619166666666667,0.04814572064749542
75,241.23234457969664,25.464437601093145,0.16917829513549804,0.00739272054478569,k-means++,10000,5,20,4,"{'cls__init': 'k-means++', 'cls__max_iter': 10000, 'cls__n_clusters': 5, 'cls__n_init': 20, 'cls__n_jobs': 4}",0.20583333333333334,0.06833333333333333,0.3591666666666667,0.35500000000000004,0.2775,0.25316666666666665,0.10826074491194346,29,0.196875,0.07270833333333333,0.3554166666666666,0.36354166666666665,0.29020833333333335,0.25575000000000003,0.10927980778208243
76,264.2604621887207,23.31658338712558,0.16378626823425294,0.006381806202402987,k-means++,10000,6,20,4,"{'cls__init': 'k-means++', 'cls__max_iter': 10000, 'cls__n_clusters': 6, 'cls__n_init': 20, 'cls__n_jobs': 4}",0.07916666666666666,0.2475,0.16333333333333333,0.2833333333333333,0.2733333333333333,0.20933333333333334,0.0775732628623491,38,0.07666666666666666,0.26229166666666665,0.14479166666666668,0.2658333333333333,0.2791666666666667,0.20575000000000002,0.08071604463247137
77,233.36164984703063,25.69009622713449,0.16629447937011718,0.00572255987521328,k-means++,10000,7,20,4,"{'cls__init': 'k-means++', 'cls__max_iter': 10000, 'cls__n_clusters': 7, 'cls__n_init': 20, 'cls__n_jobs': 4}",0.2125,0.3283333333333333,0.10083333333333332,0.23333333333333334,0.08416666666666667,0.19183333333333333,0.09017174970268929,40,0.24229166666666666,0.3260416666666667,0.104375,0.25416666666666665,0.07270833333333333,0.1999166666666667,0.0958711519581244
78,262.7593707561493,18.2210313826853,0.17664051055908203,0.020067518506452445,k-means++,10000,8,20,4,"{'cls__init': 'k-means++', 'cls__max_iter': 10000, 'cls__n_clusters': 8, 'cls__n_init': 20, 'cls__n_jobs': 4}",0.22,0.21333333333333337,0.2175,0.115,0.08416666666666667,0.17,0.05835475797034702,44,0.23833333333333334,0.22645833333333334,0.22979166666666667,0.113125,0.09354166666666666,0.18025,0.06322556620720943
79,242.55113291740417,11.847707350109443,0.1703648090362549,0.006014868320429992,k-means++,10000,9,20,4,"{'cls__init': 'k-means++', 'cls__max_iter': 10000, 'cls__n_clusters': 9, 'cls__n_init': 20, 'cls__n_jobs': 4}",0.07583333333333334,0.21416666666666667,0.20000000000000004,0.060833333333333336,0.10499999999999998,0.13116666666666665,0.0637499455337458,61,0.066875,0.22729166666666667,0.21458333333333332,0.06375,0.10625,0.13574999999999998,0.07126371700319252
80,262.75123023986816,26.813195726377288,0.17161660194396972,0.008456936549471645,k-means++,10000,10,20,4,"{'cls__init': 'k-means++', 'cls__max_iter': 10000, 'cls__n_clusters': 10, 'cls__n_init': 20, 'cls__n_jobs': 4}",0.13,0.18416666666666667,0.049166666666666664,0.085,0.185,0.12666666666666668,0.05378196723809943,64,0.11416666666666667,0.19666666666666666,0.05374999999999999,0.07645833333333334,0.199375,0.12808333333333333,0.06028338747578437
81,258.44994087219237,17.90344923479479,0.17100558280944825,0.004561711825570187,k-means++,10000,11,20,4,"{'cls__init': 'k-means++', 'cls__max_iter': 10000, 'cls__n_clusters': 11, 'cls__n_init': 20, 'cls__n_jobs': 4}",0.035,0.13083333333333333,0.065,0.085,0.175,0.09816666666666667,0.04946491461407547,82,0.036875,0.139375,0.06833333333333333,0.08083333333333333,0.19020833333333334,0.103125,0.05476131922564808
82,249.45314826965333,29.655202454972557,0.1729875087738037,0.011610029000493132,k-means++,10000,12,20,4,"{'cls__init': 'k-means++', 'cls__max_iter': 10000, 'cls__n_clusters': 12, 'cls__n_init': 20, 'cls__n_jobs': 4}",0.11583333333333333,0.028333333333333332,0.053333333333333344,0.08583333333333333,0.10833333333333334,0.07833333333333334,0.03312853754695489,105,0.114375,0.029166666666666667,0.04583333333333333,0.08125,0.09854166666666667,0.07383333333333333,0.03190061606858958
83,268.0757068634033,19.694956434948686,0.17332329750061035,0.006761896646144963,k-means++,10000,13,20,4,"{'cls__init': 'k-means++', 'cls__max_iter': 10000, 'cls__n_clusters': 13, 'cls__n_init': 20, 'cls__n_jobs': 4}",0.0475,0.0325,0.06666666666666667,0.0575,0.025000000000000005,0.04583333333333333,0.015392999852025089,160,0.04562499999999999,0.028125,0.06833333333333333,0.048541666666666664,0.028125,0.04375,0.014960596393340889
84,272.9781759262085,21.1490311727557,0.17262578010559082,0.007113688981422107,k-means++,10000,14,20,4,"{'cls__init': 'k-means++', 'cls__max_iter': 10000, 'cls__n_clusters': 14, 'cls__n_init': 20, 'cls__n_jobs': 4}",0.061666666666666675,0.029166666666666667,0.07166666666666667,0.11916666666666667,0.04,0.06433333333333334,0.03129341428763851,131,0.050625,0.029583333333333333,0.08291666666666667,0.109375,0.03791666666666667,0.06208333333333334,0.02980637748685487
85,260.229590845108,10.805956913897012,0.17530355453491211,0.011031836545857335,k-means++,10000,15,20,4,"{'cls__init': 'k-means++', 'cls__max_iter': 10000, 'cls__n_clusters': 15, 'cls__n_init': 20, 'cls__n_jobs': 4}",0.03666666666666667,0.14333333333333334,0.085,0.04,0.085,0.078,0.03877857369447434,106,0.048541666666666664,0.13333333333333333,0.07979166666666666,0.04145833333333333,0.07479166666666667,0.07558333333333334,0.032401131667479356
86,256.71649532318116,16.97898676335046,0.1794560432434082,0.008698897901142314,k-means++,10000,16,20,4,"{'cls__init': 'k-means++', 'cls__max_iter': 10000, 'cls__n_clusters': 16, 'cls__n_init': 20, 'cls__n_jobs': 4}",0.085,0.029166666666666667,0.16333333333333333,0.14916666666666667,0.085,0.10233333333333333,0.04872086023688644,78,0.07979166666666666,0.028333333333333332,0.14020833333333332,0.15479166666666666,0.07395833333333333,0.09541666666666666,0.04633887856505233
87,264.9519030570984,16.836032672797483,0.18186044692993164,0.012249716627197907,k-means++,10000,17,20,4,"{'cls__init': 'k-means++', 'cls__max_iter': 10000, 'cls__n_clusters': 17, 'cls__n_init': 20, 'cls__n_jobs': 4}",0.015,0.029166666666666667,0.14083333333333334,0.028333333333333332,0.029166666666666667,0.0485,0.04647998374449898,155,0.019791666666666666,0.028541666666666667,0.13770833333333332,0.0325,0.036041666666666666,0.050916666666666666,0.043732456800159046
88,258.91695981025697,15.01730738074666,0.17653579711914064,0.0057512385305127575,k-means++,10000,18,20,4,"{'cls__init': 'k-means++', 'cls__max_iter': 10000, 'cls__n_clusters': 18, 'cls__n_init': 20, 'cls__n_jobs': 4}",0.015,0.029166666666666667,0.14083333333333334,0.015833333333333335,0.0775,0.05566666666666667,0.048317238699614816,144,0.02,0.028333333333333332,0.14125,0.0225,0.08541666666666667,0.0595,0.04744543649756469
89,272.753807592392,18.400016136131512,0.1773223400115967,0.007265903109091159,k-means++,10000,19,20,4,"{'cls__init': 'k-means++', 'cls__max_iter': 10000, 'cls__n_clusters': 19, 'cls__n_init': 20, 'cls__n_jobs': 4}",0.014166666666666666,0.021666666666666667,0.13666666666666666,0.13083333333333333,0.12833333333333333,0.08633333333333333,0.055977674121027936,94,0.019791666666666666,0.018541666666666668,0.1375,0.13833333333333334,0.13604166666666667,0.09004166666666667,0.05787519498407279
90,9.798799896240235,0.10044194898395502,0.1567824363708496,0.008986008936345994,random,1,2,20,4,"{'cls__init': 'random', 'cls__max_iter': 1, 'cls__n_clusters': 2, 'cls__n_init': 20, 'cls__n_jobs': 4}",0.49833333333333335,0.4933333333333334,0.4866666666666667,0.5191666666666667,0.49166666666666664,0.49783333333333335,0.011298967504452187,3,0.48791666666666667,0.50375,0.5039583333333333,0.4952083333333333,0.4816666666666667,0.49450000000000005,0.008758527590614497
91,9.723020839691163,0.39873827448765775,0.15784063339233398,0.007954289956397709,random,1,3,20,4,"{'cls__init': 'random', 'cls__max_iter': 1, 'cls__n_clusters': 3, 'cls__n_init': 20, 'cls__n_jobs': 4}",0.4141666666666667,0.19583333333333333,0.17916666666666667,0.4875,0.4175,0.3388333333333333,0.1264181773146392,15,0.41875,0.213125,0.194375,0.44625,0.419375,0.338375,0.11052757009000061
92,9.828104543685914,0.42066109669370066,0.15409674644470214,0.0058140566721615215,random,1,4,20,4,"{'cls__init': 'random', 'cls__max_iter': 1, 'cls__n_clusters': 4, 'cls__n_init': 20, 'cls__n_jobs': 4}",0.20916666666666667,0.15333333333333332,0.35500000000000004,0.22916666666666666,0.23333333333333334,0.236,0.0659827418513525,33,0.19645833333333335,0.16666666666666666,0.33520833333333333,0.23229166666666667,0.22833333333333333,0.23179166666666667,0.05691559906270571
93,9.758303689956666,0.3344341630880031,0.16135988235473633,0.006273962510627254,random,1,5,20,4,"{'cls__init': 'random', 'cls__max_iter': 1, 'cls__n_clusters': 5, 'cls__n_init': 20, 'cls__n_jobs': 4}",0.17750000000000002,0.1325,0.21083333333333337,0.11666666666666667,0.2275,0.173,0.042978030563429866,43,0.16875,0.148125,0.20708333333333334,0.12395833333333334,0.22916666666666666,0.17541666666666667,0.03828597618217697
94,10.065898180007935,0.06652660387361856,0.15490713119506835,0.008588401921221896,random,1,6,20,4,"{'cls__init': 'random', 'cls__max_iter': 1, 'cls__n_clusters': 6, 'cls__n_init': 20, 'cls__n_jobs': 4}",0.1475,0.26166666666666666,0.1375,0.21583333333333332,0.2675,0.206,0.05494037171738506,39,0.15020833333333333,0.24854166666666666,0.12166666666666667,0.224375,0.273125,0.2035833333333333,0.05804966743133753
95,10.253899240493775,0.25809220607838523,0.15440034866333008,0.00594609331455273,random,1,7,20,4,"{'cls__init': 'random', 'cls__max_iter': 1, 'cls__n_clusters': 7, 'cls__n_init': 20, 'cls__n_jobs': 4}",0.1275,0.22416666666666665,0.16166666666666665,0.10333333333333333,0.08,0.13933333333333334,0.050302970974773334,55,0.133125,0.24104166666666665,0.136875,0.104375,0.07854166666666666,0.13879166666666665,0.05532705787707614
96,10.41237964630127,0.13035239448550093,0.16226754188537598,0.008476906607189695,random,1,8,20,4,"{'cls__init': 'random', 'cls__max_iter': 1, 'cls__n_clusters': 8, 'cls__n_init': 20, 'cls__n_jobs': 4}",0.15333333333333332,0.16583333333333333,0.09416666666666666,0.17333333333333334,0.07333333333333333,0.132,0.04045093049334932,60,0.14895833333333333,0.16458333333333333,0.10499999999999998,0.17750000000000002,0.07541666666666667,0.13429166666666667,0.038272506087558764
97,10.455546045303345,0.25777160634948504,0.16190681457519532,0.01491150313006668,random,1,9,20,4,"{'cls__init': 'random', 'cls__max_iter': 1, 'cls__n_clusters': 9, 'cls__n_init': 20, 'cls__n_jobs': 4}",0.04833333333333333,0.059166666666666666,0.07083333333333333,0.08416666666666667,0.04583333333333333,0.06166666666666667,0.014317821063276353,137,0.056666666666666664,0.06916666666666667,0.07916666666666666,0.079375,0.05270833333333334,0.06741666666666667,0.011099768516104785
98,10.409463930130006,0.26514439525361794,0.16096105575561523,0.007612154692525084,random,1,10,20,4,"{'cls__init': 'random', 'cls__max_iter': 1, 'cls__n_clusters': 10, 'cls__n_init': 20, 'cls__n_jobs': 4}",0.035833333333333335,0.16583333333333333,0.08083333333333333,0.0725,0.18583333333333332,0.10816666666666666,0.05763486599080263,71,0.048541666666666664,0.15854166666666666,0.08166666666666667,0.06291666666666666,0.16520833333333335,0.103375,0.04895210953347953
99,10.686025714874267,0.22253571894952676,0.1573544979095459,0.01216551321035074,random,1,11,20,4,"{'cls__init': 'random', 'cls__max_iter': 1, 'cls__n_clusters': 11, 'cls__n_init': 20, 'cls__n_jobs': 4}",0.12833333333333333,0.0725,0.11583333333333333,0.12833333333333333,0.07083333333333333,0.10316666666666667,0.02612682742146683,76,0.12958333333333333,0.0725,0.12083333333333333,0.12416666666666666,0.06895833333333333,0.10320833333333332,0.02668931330035384
100,10.792170095443726,0.30861180103630087,0.1656886100769043,0.014268996136753502,random,1,12,20,4,"{'cls__init': 'random', 'cls__max_iter': 1, 'cls__n_clusters': 12, 'cls__n_init': 20, 'cls__n_jobs': 4}",0.018333333333333333,0.19916666666666663,0.053333333333333344,0.11916666666666667,0.04583333333333333,0.08716666666666664,0.06505254286600434,91,0.019375,0.20479166666666668,0.05416666666666667,0.11354166666666667,0.05583333333333333,0.08954166666666666,0.06506852691159101
101,10.669931411743164,0.32488738271274037,0.16129894256591798,0.0038744990031654774,random,1,13,20,4,"{'cls__init': 'random', 'cls__max_iter': 1, 'cls__n_clusters': 13, 'cls__n_init': 20, 'cls__n_jobs': 4}",0.035833333333333335,0.043333333333333335,0.09416666666666666,0.11833333333333333,0.05583333333333333,0.0695,0.0316166271305323,116,0.041666666666666664,0.04770833333333333,0.09541666666666666,0.10854166666666666,0.059583333333333335,0.07058333333333333,0.026600634390931355
102,11.297259521484374,0.2802127396992313,0.17097983360290528,0.00914301227249881,random,1,14,20,4,"{'cls__init': 'random', 'cls__max_iter': 1, 'cls__n_clusters': 14, 'cls__n_init': 20, 'cls__n_jobs': 4}",0.11083333333333334,0.05000000000000001,0.09,0.03333333333333333,0.05000000000000001,0.06683333333333333,0.028850187752133143,123,0.10875,0.05041666666666666,0.0925,0.033125,0.04958333333333333,0.06687499999999999,0.02870225504110164
103,11.395651578903198,0.09908053495047467,0.17306885719299317,0.01475530566515426,random,1,15,20,4,"{'cls__init': 'random', 'cls__max_iter': 1, 'cls__n_clusters': 15, 'cls__n_init': 20, 'cls__n_jobs': 4}",0.0075,0.04,0.0875,0.10166666666666667,0.0325,0.05383333333333333,0.03525541723543269,146,0.014583333333333334,0.04645833333333333,0.08833333333333333,0.098125,0.041041666666666664,0.05770833333333333,0.031098242626303573
104,11.425853061676026,0.18648448804327508,0.16168365478515626,0.01100735606684344,random,1,16,20,4,"{'cls__init': 'random', 'cls__max_iter': 1, 'cls__n_clusters': 16, 'cls__n_init': 20, 'cls__n_jobs': 4}",0.029166666666666667,0.050833333333333335,0.029166666666666667,0.08833333333333333,0.0975,0.059,0.028946310453819308,142,0.030833333333333338,0.0475,0.034583333333333334,0.09229166666666666,0.08708333333333333,0.058458333333333334,0.026143168854937567
105,11.40081434249878,0.5207885532885611,0.16849980354309083,0.009204833393611504,random,1,17,20,4,"{'cls__init': 'random', 'cls__max_iter': 1, 'cls__n_clusters': 17, 'cls__n_init': 20, 'cls__n_jobs': 4}",0.07833333333333334,0.041666666666666664,0.06666666666666667,0.020833333333333332,0.028333333333333332,0.04716666666666667,0.022045407685048604,158,0.08375,0.04020833333333333,0.07416666666666667,0.03791666666666667,0.034791666666666665,0.05416666666666666,0.020540018527526
106,11.89501461982727,0.41746603508567365,0.17714662551879884,0.007881789716104572,random,1,18,20,4,"{'cls__init': 'random', 'cls__max_iter': 1, 'cls__n_clusters': 18, 'cls__n_init': 20, 'cls__n_jobs': 4}",0.006666666666666668,0.03833333333333333,0.029166666666666667,0.11333333333333333,0.03833333333333333,0.04516666666666667,0.035995370072644986,164,0.013124999999999998,0.03979166666666667,0.03208333333333333,0.10604166666666669,0.0425,0.04670833333333334,0.03139339323629877
107,12.001909065246583,0.28161683417785305,0.16991066932678223,0.007242007154958245,random,1,19,20,4,"{'cls__init': 'random', 'cls__max_iter': 1, 'cls__n_clusters': 19, 'cls__n_init': 20, 'cls__n_jobs': 4}",0.03916666666666667,0.021666666666666667,0.0625,0.08083333333333333,0.015,0.043833333333333335,0.02474649245628335,166,0.051458333333333335,0.024166666666666666,0.06041666666666667,0.080625,0.019375,0.04720833333333334,0.022868358173589017
108,87.46496949195861,2.3311170808504085,0.16883516311645508,0.0017954724944167632,random,10,2,20,4,"{'cls__init': 'random', 'cls__max_iter': 10, 'cls__n_clusters': 2, 'cls__n_init': 20, 'cls__n_jobs': 4}",0.485,0.525,0.52,0.4825,0.4875,0.5,0.018506755523321764,2,0.48041666666666666,0.51625,0.5220833333333333,0.4825,0.48125000000000007,0.4965,0.018610779433197066
109,89.32073593139648,3.474770383452798,0.1691209316253662,0.0079606105240653,random,10,3,20,4,"{'cls__init': 'random', 'cls__max_iter': 10, 'cls__n_clusters': 3, 'cls__n_init': 20, 'cls__n_jobs': 4}",0.17666666666666667,0.4716666666666666,0.4000000000000001,0.3883333333333333,0.47500000000000003,0.38233333333333336,0.10882503796869951,13,0.16604166666666667,0.47333333333333333,0.38979166666666665,0.39770833333333333,0.47791666666666666,0.38095833333333334,0.11356216175880648
110,91.81440749168397,1.4014780483285363,0.17111330032348632,0.01283437562821365,random,10,4,20,4,"{'cls__init': 'random', 'cls__max_iter': 10, 'cls__n_clusters': 4, 'cls__n_init': 20, 'cls__n_jobs': 4}",0.40166666666666667,0.19416666666666665,0.2875,0.18916666666666668,0.21416666666666667,0.25733333333333336,0.08030220697119379,27,0.42333333333333334,0.16583333333333333,0.27458333333333335,0.19145833333333334,0.21604166666666666,0.25425,0.09189428180130567
111,90.97391662597656,3.3132228557828975,0.16919927597045897,0.003219273879180294,random,10,5,20,4,"{'cls__init': 'random', 'cls__max_iter': 10, 'cls__n_clusters': 5, 'cls__n_init': 20, 'cls__n_jobs': 4}",0.12,0.19249999999999998,0.10833333333333334,0.16166666666666665,0.10166666666666667,0.13683333333333333,0.0347786652353933,57,0.10749999999999998,0.191875,0.10375,0.17354166666666668,0.08729166666666667,0.13279166666666667,0.041724667963528084
112,91.88258919715881,2.5702175419032876,0.17432279586791993,0.006239352826146994,random,10,6,20,4,"{'cls__init': 'random', 'cls__max_iter': 10, 'cls__n_clusters': 6, 'cls__n_init': 20, 'cls__n_jobs': 4}",0.0625,0.075,0.075,0.17333333333333334,0.12666666666666668,0.1025,0.04174659001376973,77,0.08020833333333334,0.08583333333333333,0.08416666666666667,0.17625,0.12479166666666666,0.11025,0.03673275294459821
113,90.0996301651001,3.283706649204663,0.17349209785461425,0.010860081609873555,random,10,7,20,4,"{'cls__init': 'random', 'cls__max_iter': 10, 'cls__n_clusters': 7, 'cls__n_init': 20, 'cls__n_jobs': 4}",0.21333333333333337,0.10749999999999998,0.095,0.18333333333333332,0.16416666666666666,0.15266666666666667,0.044985800228763556,53,0.24104166666666665,0.12145833333333333,0.08229166666666667,0.18854166666666664,0.15729166666666666,0.158125,0.05458237912651949
114,91.52139987945557,2.0829899563190355,0.16699795722961425,0.008483902717918722,random,10,8,20,4,"{'cls__init': 'random', 'cls__max_iter': 10, 'cls__n_clusters': 8, 'cls__n_init': 20, 'cls__n_jobs': 4}",0.21333333333333337,0.08916666666666669,0.06,0.095,0.05000000000000001,0.10150000000000002,0.05843895200216301,80,0.2075,0.08458333333333333,0.07166666666666667,0.08708333333333333,0.06458333333333334,0.10308333333333333,0.05285895803404039
115,91.51995058059693,2.293545586980733,0.16898193359375,0.007384607791961831,random,10,9,20,4,"{'cls__init': 'random', 'cls__max_iter': 10, 'cls__n_clusters': 9, 'cls__n_init': 20, 'cls__n_jobs': 4}",0.07166666666666667,0.051666666666666666,0.10749999999999998,0.09916666666666667,0.18833333333333332,0.10366666666666667,0.046757649403897296,75,0.07645833333333334,0.05374999999999999,0.08791666666666667,0.09062500000000001,0.20520833333333333,0.10279166666666666,0.05283369479371621
116,91.31454591751098,1.8462045279580401,0.17529945373535155,0.005107253601078851,random,10,10,20,4,"{'cls__init': 'random', 'cls__max_iter': 10, 'cls__n_clusters': 10, 'cls__n_init': 20, 'cls__n_jobs': 4}",0.07,0.045,0.12416666666666666,0.06416666666666666,0.1375,0.08816666666666667,0.03605320142973899,90,0.07208333333333333,0.04458333333333334,0.12770833333333334,0.065,0.11979166666666667,0.08583333333333334,0.032346056345574976
117,94.8858395576477,2.7967151889542814,0.17197074890136718,0.005107598925131696,random,10,11,20,4,"{'cls__init': 'random', 'cls__max_iter': 10, 'cls__n_clusters': 11, 'cls__n_init': 20, 'cls__n_jobs': 4}",0.06666666666666667,0.055,0.15333333333333332,0.12916666666666668,0.060833333333333336,0.093,0.04029957264730676,85,0.06354166666666666,0.05395833333333333,0.17354166666666668,0.12,0.06604166666666667,0.09541666666666666,0.04539946157292079
118,94.84929332733154,2.332914367609969,0.1789093017578125,0.009161438827977594,random,10,12,20,4,"{'cls__init': 'random', 'cls__max_iter': 10, 'cls__n_clusters': 12, 'cls__n_init': 20, 'cls__n_jobs': 4}",0.06916666666666667,0.06583333333333333,0.19166666666666668,0.14833333333333334,0.05249999999999999,0.1055,0.054702732005713295,73,0.06854166666666667,0.06958333333333333,0.18229166666666663,0.15458333333333332,0.060625,0.107125,0.05091683715192406
119,96.70459241867066,4.039341268547063,0.17232398986816405,0.0065246514843566245,random,10,13,20,4,"{'cls__init': 'random', 'cls__max_iter': 10, 'cls__n_clusters': 13, 'cls__n_init': 20, 'cls__n_jobs': 4}",0.15583333333333332,0.13166666666666665,0.07333333333333333,0.0325,0.07,0.09266666666666666,0.044762955914709454,86,0.15166666666666667,0.13354166666666667,0.056666666666666664,0.028958333333333332,0.07479166666666667,0.08912499999999998,0.046396801554034355
120,98.81872816085816,0.7544063341621131,0.17360281944274902,0.0041834164120256164,random,10,14,20,4,"{'cls__init': 'random', 'cls__max_iter': 10, 'cls__n_clusters': 14, 'cls__n_init': 20, 'cls__n_jobs': 4}",0.04583333333333333,0.035833333333333335,0.049166666666666664,0.02,0.10916666666666666,0.052,0.030329670108474455,148,0.055,0.041875,0.05395833333333333,0.0225,0.09958333333333332,0.05458333333333333,0.02536298976855843
121,96.69005193710328,3.4249245260300136,0.1721261978149414,0.006719741917344596,random,10,15,20,4,"{'cls__init': 'random', 'cls__max_iter': 10, 'cls__n_clusters': 15, 'cls__n_init': 20, 'cls__n_jobs': 4}",0.028333333333333332,0.0475,0.035833333333333335,0.058333333333333334,0.07,0.048,0.015005554527129837,156,0.027916666666666666,0.05416666666666667,0.04458333333333334,0.05458333333333333,0.058541666666666665,0.04795833333333334,0.011022703842524302
122,98.60747861862183,2.6083179950058013,0.17628817558288573,0.005296828467666334,random,10,16,20,4,"{'cls__init': 'random', 'cls__max_iter': 10, 'cls__n_clusters': 16, 'cls__n_init': 20, 'cls__n_jobs': 4}",0.034166666666666665,0.04,0.014166666666666666,0.056666666666666664,0.03333333333333333,0.035666666666666666,0.013636144779388508,175,0.0325,0.039375,0.012916666666666667,0.05875,0.03833333333333333,0.036375,0.014688667211304244
123,96.9703812122345,3.49912838593397,0.17830872535705566,0.012741007279053454,random,10,17,20,4,"{'cls__init': 'random', 'cls__max_iter': 10, 'cls__n_clusters': 17, 'cls__n_init': 20, 'cls__n_jobs': 4}",0.0425,0.03833333333333333,0.03333333333333333,0.055,0.07083333333333333,0.048,0.01348455907077919,156,0.034166666666666665,0.03875,0.042916666666666665,0.058541666666666665,0.058333333333333334,0.04654166666666666,0.010099848733740742
124,97.58148527145386,3.4359146327630103,0.17662792205810546,0.011471537477213847,random,10,18,20,4,"{'cls__init': 'random', 'cls__max_iter': 10, 'cls__n_clusters': 18, 'cls__n_init': 20, 'cls__n_jobs': 4}",0.035833333333333335,0.03666666666666667,0.05416666666666667,0.14166666666666666,0.041666666666666664,0.062,0.040368442019863865,136,0.03166666666666667,0.035833333333333335,0.06291666666666666,0.145625,0.03916666666666667,0.06304166666666668,0.04269595349028341
125,100.96108274459839,2.8681642190646963,0.18106560707092284,0.01118904014730153,random,10,19,20,4,"{'cls__init': 'random', 'cls__max_iter': 10, 'cls__n_clusters': 19, 'cls__n_init': 20, 'cls__n_jobs': 4}",0.035,0.04083333333333333,0.03166666666666667,0.05416666666666667,0.030833333333333338,0.0385,0.00858616458159417,173,0.03,0.03833333333333333,0.023125,0.06208333333333333,0.03270833333333333,0.03725,0.01334595756524549
126,196.97164025306702,13.642808848773896,0.16161699295043946,0.0026427626938622453,random,100,2,20,4,"{'cls__init': 'random', 'cls__max_iter': 100, 'cls__n_clusters': 2, 'cls__n_init': 20, 'cls__n_jobs': 4}",0.4816666666666667,0.47500000000000003,0.5141666666666667,0.5183333333333333,0.49166666666666664,0.49616666666666664,0.017285189549952215,6,0.47854166666666664,0.4839583333333333,0.52125,0.5179166666666667,0.47770833333333335,0.49587499999999995,0.01950489610898306
127,219.11087493896486,13.278636921851028,0.16566195487976074,0.00504124872011219,random,100,3,20,4,"{'cls__init': 'random', 'cls__max_iter': 100, 'cls__n_clusters': 3, 'cls__n_init': 20, 'cls__n_jobs': 4}",0.165,0.47333333333333333,0.4816666666666667,0.37666666666666665,0.20833333333333334,0.341,0.13202104209388577,14,0.15333333333333332,0.4741666666666667,0.4739583333333333,0.3827083333333334,0.199375,0.33670833333333333,0.13589348105941082
128,223.81035814285278,15.037849348827873,0.1650704860687256,0.006936765699419404,random,100,4,20,4,"{'cls__init': 'random', 'cls__max_iter': 100, 'cls__n_clusters': 4, 'cls__n_init': 20, 'cls__n_jobs': 4}",0.4041666666666667,0.1025,0.175,0.20333333333333334,0.21083333333333337,0.21916666666666668,0.10010688731994863,37,0.42020833333333335,0.10625,0.17104166666666668,0.20208333333333334,0.200625,0.2200416666666667,0.10593936617497557
129,233.24697227478026,21.047522911354424,0.16711692810058593,0.010231722558607112,random,100,5,20,4,"{'cls__init': 'random', 'cls__max_iter': 100, 'cls__n_clusters': 5, 'cls__n_init': 20, 'cls__n_jobs': 4}",0.09916666666666667,0.28583333333333333,0.11,0.10333333333333333,0.09333333333333334,0.13833333333333334,0.07395005822249981,56,0.10291666666666667,0.2758333333333333,0.09895833333333333,0.095625,0.08229166666666667,0.131125,0.07268541902533746
130,262.9182150363922,33.35272775627311,0.16999516487121583,0.005421619489899884,random,100,6,20,4,"{'cls__init': 'random', 'cls__max_iter': 100, 'cls__n_clusters': 6, 'cls__n_init': 20, 'cls__n_jobs': 4}",0.08333333333333333,0.3425,0.09,0.15666666666666668,0.11583333333333333,0.15766666666666668,0.0959360319286879,49,0.08083333333333333,0.3491666666666667,0.09104166666666667,0.14916666666666667,0.11541666666666667,0.15712500000000001,0.09886389353269699
131,268.6063852787018,25.548056354213216,0.17107853889465333,0.005602464788557996,random,100,7,20,4,"{'cls__init': 'random', 'cls__max_iter': 100, 'cls__n_clusters': 7, 'cls__n_init': 20, 'cls__n_jobs': 4}",0.22416666666666665,0.15416666666666667,0.2358333333333333,0.075,0.07833333333333334,0.1535,0.06868082378332073,52,0.23541666666666666,0.15083333333333335,0.2520833333333333,0.07,0.07208333333333333,0.1560833333333333,0.07746441835521074
132,254.54688954353333,15.22397769522408,0.17010283470153809,0.005067417856033902,random,100,8,20,4,"{'cls__init': 'random', 'cls__max_iter': 100, 'cls__n_clusters': 8, 'cls__n_init': 20, 'cls__n_jobs': 4}",0.08833333333333333,0.08583333333333333,0.16,0.085,0.049166666666666664,0.09366666666666666,0.036180872785983975,84,0.10499999999999998,0.08645833333333333,0.14041666666666666,0.07645833333333334,0.05270833333333334,0.09220833333333334,0.029424633010078093
133,257.4084170818329,28.15340825311079,0.16840763092041017,0.007845608316342246,random,100,9,20,4,"{'cls__init': 'random', 'cls__max_iter': 100, 'cls__n_clusters': 9, 'cls__n_init': 20, 'cls__n_jobs': 4}",0.13166666666666665,0.0875,0.04833333333333333,0.2075,0.17,0.129,0.05670929768957154,62,0.120625,0.08625,0.051458333333333335,0.2035416666666667,0.19333333333333333,0.13104166666666667,0.05930397799098772
134,265.0308214664459,15.98095169863174,0.17077217102050782,0.006023343837783334,random,100,10,20,4,"{'cls__init': 'random', 'cls__max_iter': 100, 'cls__n_clusters': 10, 'cls__n_init': 20, 'cls__n_jobs': 4}",0.058333333333333334,0.07166666666666667,0.045,0.075,0.14,0.078,0.03276854860651869,106,0.06395833333333334,0.06541666666666666,0.05979166666666667,0.060833333333333336,0.12375,0.07475000000000001,0.02458453386899079
135,268.3842413902283,31.4683971651177,0.17068419456481934,0.006525453405176169,random,100,11,20,4,"{'cls__init': 'random', 'cls__max_iter': 100, 'cls__n_clusters': 11, 'cls__n_init': 20, 'cls__n_jobs': 4}",0.15833333333333333,0.04666666666666667,0.07416666666666667,0.19,0.06833333333333333,0.1075,0.056100108932356105,72,0.15979166666666667,0.05604166666666666,0.079375,0.196875,0.0725,0.11291666666666667,0.05520794025017295
136,245.08220930099486,14.142327171719998,0.16814060211181642,0.006743106637998037,random,100,12,20,4,"{'cls__init': 'random', 'cls__max_iter': 100, 'cls__n_clusters': 12, 'cls__n_init': 20, 'cls__n_jobs': 4}",0.0625,0.025833333333333333,0.05249999999999999,0.0325,0.0425,0.043166666666666666,0.013232955494186138,167,0.07729166666666666,0.033541666666666664,0.05895833333333333,0.02875,0.041875,0.048083333333333325,0.017861543108651675
137,269.7597929000855,25.13671584834718,0.1739954471588135,0.0035364003501596013,random,100,13,20,4,"{'cls__init': 'random', 'cls__max_iter': 100, 'cls__n_clusters': 13, 'cls__n_init': 20, 'cls__n_jobs': 4}",0.0175,0.08083333333333333,0.019166666666666665,0.043333333333333335,0.04833333333333333,0.041833333333333333,0.02311444954520392,168,0.026874999999999996,0.08583333333333333,0.018541666666666668,0.043333333333333335,0.045,0.04391666666666667,0.023207024200061113
138,274.4311128616333,30.867049576177145,0.17435789108276367,0.007819944854919868,random,100,14,20,4,"{'cls__init': 'random', 'cls__max_iter': 100, 'cls__n_clusters': 14, 'cls__n_init': 20, 'cls__n_jobs': 4}",0.06,0.12,0.06583333333333333,0.05249999999999999,0.0425,0.06816666666666667,0.027066789819095854,118,0.060833333333333336,0.120625,0.07166666666666667,0.04729166666666667,0.050625,0.07020833333333334,0.02661029197301091
139,257.3200728416443,16.647845023054813,0.17277798652648926,0.006013284749852396,random,100,15,20,4,"{'cls__init': 'random', 'cls__max_iter': 100, 'cls__n_clusters': 15, 'cls__n_init': 20, 'cls__n_jobs': 4}",0.0675,0.0325,0.03333333333333333,0.05416666666666667,0.0725,0.052,0.01669663971515759,148,0.06833333333333333,0.0275,0.042916666666666665,0.0625,0.07604166666666666,0.05545833333333333,0.01776505621218864
140,269.90049090385435,10.011535829523348,0.17817339897155762,0.00534272753988314,random,100,16,20,4,"{'cls__init': 'random', 'cls__max_iter': 100, 'cls__n_clusters': 16, 'cls__n_init': 20, 'cls__n_jobs': 4}",0.021666666666666667,0.12333333333333335,0.035833333333333335,0.0275,0.125,0.06666666666666667,0.04716696112982288,124,0.02875,0.1225,0.04875,0.025000000000000005,0.10499999999999998,0.06599999999999999,0.04019794770880722
141,244.3221079826355,11.759262061397353,0.17717504501342773,0.0016680560139337279,random,100,17,20,4,"{'cls__init': 'random', 'cls__max_iter': 100, 'cls__n_clusters': 17, 'cls__n_init': 20, 'cls__n_jobs': 4}",0.030833333333333338,0.03333333333333333,0.0325,0.0625,0.05000000000000001,0.041833333333333333,0.012443204303286728,168,0.035833333333333335,0.027916666666666666,0.0425,0.051875,0.05416666666666667,0.042458333333333334,0.009809292646374774
142,240.7600465297699,6.81572844250897,0.17024478912353516,0.010290485384654826,random,100,18,20,4,"{'cls__init': 'random', 'cls__max_iter': 100, 'cls__n_clusters': 18, 'cls__n_init': 20, 'cls__n_jobs': 4}",0.0325,0.045,0.056666666666666664,0.04,0.010833333333333334,0.037,0.015262517631257445,174,0.0275,0.05604166666666666,0.058125,0.041875,0.013333333333333336,0.039375,0.017057399013657125
143,263.48800473213197,21.391812800967642,0.17295799255371094,0.009365118650385215,random,100,19,20,4,"{'cls__init': 'random', 'cls__max_iter': 100, 'cls__n_clusters': 19, 'cls__n_init': 20, 'cls__n_jobs': 4}",0.0375,0.008333333333333333,0.020833333333333332,0.014166666666666666,0.14583333333333334,0.04533333333333334,0.05119027685453991,163,0.043541666666666666,0.0075,0.021458333333333333,0.015833333333333335,0.13625,0.044916666666666674,0.04720129029545226
144,206.92819952964783,22.279898416691182,0.15944600105285645,0.007741687011536195,random,1000,2,20,4,"{'cls__init': 'random', 'cls__max_iter': 1000, 'cls__n_clusters': 2, 'cls__n_init': 20, 'cls__n_jobs': 4}",0.485,0.4766666666666667,0.4866666666666667,0.48,0.5058333333333334,0.48683333333333334,0.010143416036468634,8,0.48041666666666666,0.48520833333333335,0.48083333333333333,0.48145833333333327,0.5202083333333334,0.48962500000000003,0.015385892708726565
145,239.95826382637023,16.821166597004133,0.16878743171691896,0.004008335643232684,random,1000,3,20,4,"{'cls__init': 'random', 'cls__max_iter': 1000, 'cls__n_clusters': 3, 'cls__n_init': 20, 'cls__n_jobs': 4}",0.23166666666666666,0.38499999999999995,0.44,0.44916666666666666,0.43833333333333335,0.3888333333333333,0.08176116981115723,12,0.20291666666666666,0.3670833333333333,0.43104166666666666,0.4352083333333333,0.4377083333333333,0.37479166666666663,0.08985897515922751
146,229.60501985549928,10.490456042775177,0.16899237632751465,0.009002137031807297,random,1000,4,20,4,"{'cls__init': 'random', 'cls__max_iter': 1000, 'cls__n_clusters': 4, 'cls__n_init': 20, 'cls__n_jobs': 4}",0.29833333333333334,0.10749999999999998,0.21166666666666667,0.20916666666666667,0.3641666666666667,0.23816666666666667,0.0873075661733341,32,0.31958333333333333,0.10916666666666666,0.19625,0.20083333333333334,0.37,0.23916666666666667,0.09359004873501361
147,269.3104907035828,8.209475626039563,0.1714775562286377,0.008101096205282913,random,1000,5,20,4,"{'cls__init': 'random', 'cls__max_iter': 1000, 'cls__n_clusters': 5, 'cls__n_init': 20, 'cls__n_jobs': 4}",0.205,0.3975,0.07833333333333334,0.08,0.3458333333333333,0.22133333333333333,0.132080152432781,36,0.18416666666666667,0.399375,0.08104166666666666,0.078125,0.35083333333333333,0.21870833333333334,0.13416882762234883
148,258.7791338443756,31.407021673726828,0.16775221824645997,0.00508662445716337,random,1000,6,20,4,"{'cls__init': 'random', 'cls__max_iter': 1000, 'cls__n_clusters': 6, 'cls__n_init': 20, 'cls__n_jobs': 4}",0.25583333333333336,0.09,0.3458333333333333,0.0825,0.060833333333333336,0.167,0.11332548992467081,45,0.26958333333333334,0.09124999999999998,0.3304166666666667,0.07729166666666666,0.06833333333333333,0.167375,0.11022558938629251
149,259.43900060653687,18.991273215403968,0.17060246467590331,0.004711495168281853,random,1000,7,20,4,"{'cls__init': 'random', 'cls__max_iter': 1000, 'cls__n_clusters': 7, 'cls__n_init': 20, 'cls__n_jobs': 4}",0.09166666666666666,0.07166666666666667,0.2358333333333333,0.16583333333333333,0.07583333333333334,0.12816666666666668,0.06367757323684164,63,0.08958333333333333,0.07104166666666667,0.2520833333333333,0.15229166666666666,0.094375,0.131875,0.06597334794361195
150,266.9715793609619,14.868152043704614,0.1688910484313965,0.008108716064547522,random,1000,8,20,4,"{'cls__init': 'random', 'cls__max_iter': 1000, 'cls__n_clusters': 8, 'cls__n_init': 20, 'cls__n_jobs': 4}",0.2175,0.08583333333333333,0.23166666666666666,0.115,0.12833333333333333,0.15566666666666668,0.05809809711934539,50,0.21354166666666666,0.08645833333333333,0.22083333333333333,0.11125,0.13770833333333332,0.1539583333333333,0.05416041630604813
151,255.9586070537567,6.151833017055972,0.16719231605529786,0.008859891307234915,random,1000,9,20,4,"{'cls__init': 'random', 'cls__max_iter': 1000, 'cls__n_clusters': 9, 'cls__n_init': 20, 'cls__n_jobs': 4}",0.0975,0.055,0.04833333333333333,0.09833333333333333,0.06,0.07183333333333333,0.021617893822787948,114,0.08895833333333333,0.05458333333333333,0.051458333333333335,0.09291666666666666,0.06708333333333333,0.071,0.017143896711204382
152,250.19065070152283,19.481041616059123,0.1722020149230957,0.008773966538431793,random,1000,10,20,4,"{'cls__init': 'random', 'cls__max_iter': 1000, 'cls__n_clusters': 10, 'cls__n_init': 20, 'cls__n_jobs': 4}",0.07166666666666667,0.03916666666666667,0.07833333333333334,0.10916666666666666,0.13583333333333333,0.08683333333333333,0.03308826579519291,92,0.06875,0.03979166666666667,0.0675,0.1025,0.11770833333333333,0.07925,0.027658193983780725
153,276.0560318470001,24.498614866900486,0.1714869499206543,0.005835835840114566,random,1000,11,20,4,"{'cls__init': 'random', 'cls__max_iter': 1000, 'cls__n_clusters': 11, 'cls__n_init': 20, 'cls__n_jobs': 4}",0.0775,0.13666666666666666,0.043333333333333335,0.1375,0.053333333333333344,0.08966666666666667,0.04027888887356364,89,0.07625,0.16479166666666667,0.04583333333333333,0.15708333333333332,0.05479166666666667,0.09975,0.050986347573530794
154,269.5126133441925,34.976211807414394,0.17419109344482422,0.005083256316443775,random,1000,12,20,4,"{'cls__init': 'random', 'cls__max_iter': 1000, 'cls__n_clusters': 12, 'cls__n_init': 20, 'cls__n_jobs': 4}",0.0475,0.1225,0.08,0.034166666666666665,0.05416666666666667,0.06766666666666667,0.031208973068654472,121,0.063125,0.11791666666666666,0.089375,0.03166666666666667,0.05354166666666667,0.071125,0.029841770222290762
155,263.0191751480103,16.44207690995712,0.17362828254699708,0.005714985388395268,random,1000,13,20,4,"{'cls__init': 'random', 'cls__max_iter': 1000, 'cls__n_clusters': 13, 'cls__n_init': 20, 'cls__n_jobs': 4}",0.1625,0.04583333333333333,0.065,0.10916666666666666,0.03833333333333333,0.08416666666666667,0.04625713158230007,97,0.16229166666666667,0.05395833333333333,0.050625,0.11125,0.035208333333333335,0.08266666666666667,0.04745582741408641
156,260.6431868553162,15.149725476417764,0.17315196990966797,0.006797817361087798,random,1000,14,20,4,"{'cls__init': 'random', 'cls__max_iter': 1000, 'cls__n_clusters': 14, 'cls__n_init': 20, 'cls__n_jobs': 4}",0.06,0.041666666666666664,0.04083333333333333,0.02,0.03666666666666667,0.03983333333333333,0.012762793146051096,170,0.060833333333333336,0.05229166666666667,0.03875,0.0225,0.042083333333333334,0.043291666666666666,0.012985301519624239
157,251.80434393882751,32.61915004614757,0.17716412544250487,0.007171810307375547,random,1000,15,20,4,"{'cls__init': 'random', 'cls__max_iter': 1000, 'cls__n_clusters': 15, 'cls__n_init': 20, 'cls__n_jobs': 4}",0.03916666666666667,0.0475,0.025000000000000005,0.09333333333333334,0.16333333333333333,0.07366666666666667,0.05033940360746793,111,0.03833333333333333,0.051666666666666666,0.0275,0.094375,0.16145833333333334,0.07466666666666666,0.04897962303062593
158,270.0151574611664,27.72045125981703,0.17317371368408202,0.0076220041487899785,random,1000,16,20,4,"{'cls__init': 'random', 'cls__max_iter': 1000, 'cls__n_clusters': 16, 'cls__n_init': 20, 'cls__n_jobs': 4}",0.09,0.10083333333333332,0.058333333333333334,0.065,0.075,0.07783333333333334,0.015684387141358117,108,0.0725,0.08125,0.045208333333333336,0.06,0.060625,0.06391666666666666,0.012249858275824163
159,266.3786260128021,17.896222315169744,0.1763936996459961,0.0074081660765309655,random,1000,17,20,4,"{'cls__init': 'random', 'cls__max_iter': 1000, 'cls__n_clusters': 17, 'cls__n_init': 20, 'cls__n_jobs': 4}",0.004166666666666667,0.016666666666666666,0.03916666666666667,0.0625,0.055,0.0355,0.022177315737783355,176,0.010208333333333333,0.016041666666666666,0.04041666666666666,0.051875,0.04791666666666667,0.033291666666666664,0.016972915515936295
160,262.26716418266295,14.512916102421151,0.18091039657592772,0.00847355844769734,random,1000,18,20,4,"{'cls__init': 'random', 'cls__max_iter': 1000, 'cls__n_clusters': 18, 'cls__n_init': 20, 'cls__n_jobs': 4}",0.020833333333333332,0.04083333333333333,0.058333333333333334,0.02,0.05416666666666667,0.03883333333333333,0.016112452051475937,171,0.025416666666666667,0.034166666666666665,0.044375000000000005,0.02125,0.04791666666666667,0.034625,0.010350120772242226
161,276.895808506012,21.840209867290234,0.18209271430969237,0.006002677101823377,random,1000,19,20,4,"{'cls__init': 'random', 'cls__max_iter': 1000, 'cls__n_clusters': 19, 'cls__n_init': 20, 'cls__n_jobs': 4}",0.03166666666666667,0.04833333333333333,0.03833333333333333,0.015,0.14583333333333334,0.05583333333333333,0.046290147739856895,143,0.026666666666666672,0.05645833333333333,0.0375,0.014791666666666667,0.13625,0.054333333333333345,0.04319075100322085
162,192.55101346969604,20.874174803988254,0.16567869186401368,0.011809370017115893,random,10000,2,20,4,"{'cls__init': 'random', 'cls__max_iter': 10000, 'cls__n_clusters': 2, 'cls__n_init': 20, 'cls__n_jobs': 4}",0.5175,0.47500000000000003,0.4866666666666667,0.5175,0.49,0.49733333333333335,0.01720303590778219,5,0.5191666666666667,0.4845833333333333,0.47875,0.5183333333333333,0.47833333333333333,0.4958333333333334,0.018843286455510998
163,218.6311402797699,6.445130389646365,0.16125926971435547,0.007632920232262991,random,10000,3,20,4,"{'cls__init': 'random', 'cls__max_iter': 10000, 'cls__n_clusters': 3, 'cls__n_init': 20, 'cls__n_jobs': 4}",0.465,0.1625,0.3333333333333333,0.17750000000000002,0.3458333333333333,0.29683333333333334,0.1134012051670234,20,0.47729166666666667,0.143125,0.36541666666666667,0.17854166666666665,0.37666666666666665,0.3082083333333333,0.12697595190078756
164,243.60768871307374,18.945690598162408,0.16658787727355956,0.0060115156394622,random,10000,4,20,4,"{'cls__init': 'random', 'cls__max_iter': 10000, 'cls__n_clusters': 4, 'cls__n_init': 20, 'cls__n_jobs': 4}",0.2975,0.30916666666666665,0.0775,0.325,0.20916666666666667,0.24366666666666667,0.09230926280715279,30,0.31854166666666667,0.30270833333333336,0.08791666666666667,0.31625,0.19770833333333335,0.244625,0.09025094259280005
165,247.67947788238524,33.732870889413896,0.1677572250366211,0.007792959587005903,random,10000,5,20,4,"{'cls__init': 'random', 'cls__max_iter': 10000, 'cls__n_clusters': 5, 'cls__n_init': 20, 'cls__n_jobs': 4}",0.2816666666666667,0.37166666666666665,0.285,0.37333333333333335,0.27416666666666667,0.31716666666666665,0.045318625064952905,18,0.276875,0.36541666666666667,0.30041666666666667,0.36520833333333336,0.2864583333333333,0.318875,0.03864829843889927
166,262.26802682876587,19.243559390510864,0.1602710247039795,0.007126091130504126,random,10000,6,20,4,"{'cls__init': 'random', 'cls__max_iter': 10000, 'cls__n_clusters': 6, 'cls__n_init': 20, 'cls__n_jobs': 4}",0.08333333333333333,0.12,0.15166666666666667,0.15416666666666667,0.07416666666666667,0.11666666666666667,0.03334583099046183,68,0.08083333333333333,0.115625,0.16625,0.14916666666666667,0.08333333333333333,0.11904166666666668,0.034300955607031655
167,265.3810975551605,21.372076202150662,0.1690524101257324,0.004153123957645213,random,10000,7,20,4,"{'cls__init': 'random', 'cls__max_iter': 10000, 'cls__n_clusters': 7, 'cls__n_init': 20, 'cls__n_jobs': 4}",0.17583333333333334,0.0675,0.17083333333333334,0.059166666666666666,0.195,0.13366666666666666,0.05805074408557473,58,0.1625,0.07666666666666666,0.15666666666666668,0.068125,0.22,0.13679166666666667,0.05711337409048778
168,258.5285277366638,20.846613239492356,0.1684731960296631,0.008595251421180004,random,10000,8,20,4,"{'cls__init': 'random', 'cls__max_iter': 10000, 'cls__n_clusters': 8, 'cls__n_init': 20, 'cls__n_jobs': 4}",0.10333333333333333,0.059166666666666666,0.20916666666666667,0.15083333333333335,0.06416666666666666,0.11733333333333333,0.05650073745831406,67,0.0925,0.06125,0.21958333333333332,0.13645833333333332,0.07020833333333333,0.11599999999999999,0.05795643119332544
169,258.2184360980988,20.45414447842017,0.15926060676574708,0.010779116970177518,random,10000,9,20,4,"{'cls__init': 'random', 'cls__max_iter': 10000, 'cls__n_clusters': 9, 'cls__n_init': 20, 'cls__n_jobs': 4}",0.07166666666666667,0.11333333333333333,0.22583333333333333,0.1375,0.043333333333333335,0.11833333333333333,0.06285123529237732,66,0.06979166666666667,0.09979166666666667,0.21958333333333332,0.135625,0.04708333333333333,0.114375,0.06041336197858513
170,274.48937792778014,13.681677111114181,0.15392546653747557,0.01363581878379616,random,10000,10,20,4,"{'cls__init': 'random', 'cls__max_iter': 10000, 'cls__n_clusters': 10, 'cls__n_init': 20, 'cls__n_jobs': 4}",0.0575,0.060833333333333336,0.08,0.2075,0.13583333333333333,0.10833333333333334,0.05697952848757759,70,0.056875,0.070625,0.08729166666666667,0.20916666666666667,0.11770833333333333,0.10833333333333332,0.054346815811866
171,260.75028948783876,14.513848203339393,0.1650454044342041,0.020903853251875538,random,10000,11,20,4,"{'cls__init': 'random', 'cls__max_iter': 10000, 'cls__n_clusters': 11, 'cls__n_init': 20, 'cls__n_jobs': 4}",0.06666666666666667,0.06833333333333333,0.059166666666666666,0.05416666666666667,0.09666666666666666,0.069,0.014751647742239207,117,0.06270833333333334,0.05583333333333333,0.068125,0.051875,0.08645833333333333,0.065,0.01209769261746498
172,248.47296719551088,17.87670528449847,0.14461359977722169,0.017455114555608945,random,10000,12,20,4,"{'cls__init': 'random', 'cls__max_iter': 10000, 'cls__n_clusters': 12, 'cls__n_init': 20, 'cls__n_jobs': 4}",0.06333333333333334,0.060833333333333336,0.041666666666666664,0.03,0.0325,0.04566666666666667,0.013978157564174505,161,0.06416666666666666,0.051875,0.041041666666666664,0.03375,0.029583333333333333,0.04408333333333333,0.012572429050196393
173,246.7713629722595,17.252907930358997,0.13691768646240235,0.00394240684161686,random,10000,13,20,4,"{'cls__init': 'random', 'cls__max_iter': 10000, 'cls__n_clusters': 13, 'cls__n_init': 20, 'cls__n_jobs': 4}",0.008333333333333333,0.07166666666666667,0.04083333333333333,0.059166666666666666,0.05000000000000001,0.046,0.02141780152635238,159,0.014583333333333334,0.07291666666666667,0.03895833333333333,0.065,0.055625,0.04941666666666667,0.02076714485805778
174,235.66820302009583,12.641284505267093,0.13234543800354004,0.003026810001035488,random,10000,14,20,4,"{'cls__init': 'random', 'cls__max_iter': 10000, 'cls__n_clusters': 14, 'cls__n_init': 20, 'cls__n_jobs': 4}",0.13166666666666665,0.058333333333333334,0.034166666666666665,0.02,0.09583333333333334,0.068,0.04091522400715356,120,0.121875,0.059583333333333335,0.03979166666666667,0.0225,0.10625,0.06999999999999999,0.038163800838549145
175,222.00804719924926,3.6383105572861507,0.1352390766143799,0.0040693478961533035,random,10000,15,20,4,"{'cls__init': 'random', 'cls__max_iter': 10000, 'cls__n_clusters': 15, 'cls__n_init': 20, 'cls__n_jobs': 4}",0.12583333333333332,0.025000000000000005,0.025000000000000005,0.058333333333333334,0.06666666666666667,0.06016666666666667,0.03696244340167763,139,0.11458333333333333,0.02875,0.0275,0.06125,0.070625,0.060541666666666674,0.032016055000230394
176,211.7439519405365,8.992582168707642,0.13568058013916015,0.005480134781825604,random,10000,16,20,4,"{'cls__init': 'random', 'cls__max_iter': 10000, 'cls__n_clusters': 16, 'cls__n_init': 20, 'cls__n_jobs': 4}",0.010833333333333334,0.030833333333333338,0.08916666666666669,0.04416666666666667,0.04666666666666667,0.044333333333333336,0.02576819745345026,165,0.012916666666666667,0.035208333333333335,0.07375,0.051458333333333335,0.043125,0.043291666666666666,0.019911871807765557
177,209.81877632141112,5.415153265157589,0.1322476387023926,0.00414688711974886,random,10000,17,20,4,"{'cls__init': 'random', 'cls__max_iter': 10000, 'cls__n_clusters': 17, 'cls__n_init': 20, 'cls__n_jobs': 4}",0.059166666666666666,0.0475,0.1225,0.07416666666666667,0.053333333333333344,0.07133333333333333,0.027078076412888383,115,0.05041666666666666,0.057708333333333334,0.10541666666666669,0.06875,0.04791666666666667,0.06604166666666668,0.020975349288576296
178,198.45827016830444,5.477978794207014,0.14150118827819824,0.018907475167113694,random,10000,18,20,4,"{'cls__init': 'random', 'cls__max_iter': 10000, 'cls__n_clusters': 18, 'cls__n_init': 20, 'cls__n_jobs': 4}",0.016666666666666666,0.0275,0.10666666666666669,0.0475,0.04833333333333333,0.04933333333333333,0.031097516871215872,152,0.020833333333333332,0.02520833333333333,0.09770833333333333,0.05583333333333333,0.05625,0.05116666666666667,0.027595981490870086
179,192.31143102645873,15.437668383282704,0.1342761993408203,0.004564158583439705,random,10000,19,20,4,"{'cls__init': 'random', 'cls__max_iter': 10000, 'cls__n_clusters': 19, 'cls__n_init': 20, 'cls__n_jobs': 4}",0.06666666666666667,0.0775,0.03833333333333333,0.023333333333333334,0.0425,0.049666666666666665,0.01968219725764603,151,0.06333333333333334,0.07166666666666667,0.0375,0.025625,0.042291666666666665,0.04808333333333334,0.016962683717174267
